n_containers,startup_ms
0,127
1,129
2,128
3,129
4,127
5,129
6,131
7,125
8,130
9,140
10,130
11,126
12,128
13,129
14,134
15,130
16,127
17,133
18,132
19,146
20,128
21,133
22,134
23,149
24,133
25,129
26,124
27,127
28,132
29,130
30,125
31,129
32,132
33,135
34,126
35,128
36,134
37,122
38,150
39,137
40,161
41,139
42,137
43,132
44,121
45,141
46,137
47,131
48,130
49,138
50,130
51,132
52,132
53,138
54,129
55,137
56,123
57,125
58,133
59,131
60,143
61,126
62,127
63,132
64,134
65,125
66,128
67,138
68,142
69,129
70,133
71,132
72,127
73,137
74,136
75,129
76,128
77,133
78,129
79,128
80,144
81,131
82,147
83,135
84,132
85,125
86,133
87,134
88,140
89,127
90,142
91,128
92,143
93,130
94,134
95,138
96,148
97,156
98,132
99,134
100,131
101,133
102,135
103,131
104,136
105,141
106,126
107,141
108,131
109,132
110,145
111,130
112,136
113,128
114,130
115,133
116,137
117,135
118,137
119,137
120,142
121,128
122,137
123,132
124,135
125,128
126,144
127,151
128,144
129,138
130,134
131,147
132,139
133,138
134,142
135,138
136,135
137,133
138,141
139,140
140,137
141,138
142,135
143,135
144,131
145,144
146,130
147,135
148,139
149,136
150,139
151,136
152,143
153,133
154,134
155,139
156,133
157,136
158,137
159,132
160,134
161,140
162,142
163,154
164,137
165,138
166,134
167,146
168,136
169,146
170,136
171,150
172,131
173,133
174,134
175,140
176,141
177,142
178,135
179,137
180,140
181,133
182,130
183,145
184,143
185,138
186,136
187,134
188,134
189,142
190,138
191,145
192,139
193,143
194,135
195,142
196,136
197,142
198,139
199,144
200,141
201,142
202,134
203,139
204,139
205,148
206,139
207,144
208,135
209,135
210,141
211,141
212,143
213,137
214,131
215,137
216,135
217,138
218,135
219,142
220,152
221,134
222,140
223,134
224,141
225,132
226,143
227,149
228,143
229,142
230,144
231,138
232,154
233,148
234,148
235,135
236,158
237,154
238,149
239,142
240,154
241,138
242,140
243,144
244,144
245,140
246,151
247,148
248,140
249,142
250,145
251,139
252,145
253,143
254,146
255,141
256,138
257,144
258,147
259,141
260,154
261,136
262,136
263,136
264,137
265,141
266,153
267,151
268,141
269,140
270,143
271,148
272,139
273,145
274,144
275,155
276,139
277,146
278,153
279,141
280,149
281,144
282,142
283,140
284,140
285,144
286,144
287,145
288,154
289,139
290,144
291,141
292,143
293,150
294,144
295,146
296,139
297,149
298,147
299,142
300,149
301,156
302,152
303,153
304,146
305,148
306,143
307,143
308,147
309,153
310,146
311,145
312,143
313,145
314,141
315,148
316,149
317,143
318,144
319,148
320,144
321,154
322,144
323,148
324,142
325,142
326,145
327,148
328,144
329,159
330,142
331,150
332,146
333,146
334,151
335,155
336,147
337,144
338,156
339,140
340,149
341,142
342,146
343,153
344,143
345,150
346,149
347,147
348,155
349,164
350,155
351,148
352,147
353,154
354,145
355,148
356,158
357,140
358,143
359,156
360,150
361,152
362,149
363,145
364,146
365,147
366,140
367,149
368,186
369,154
370,154
371,142
372,148
373,140
374,148
375,155
376,146
377,143
378,144
379,144
380,145
381,148
382,151
383,145
384,153
385,144
386,160
387,148
388,155
389,149
390,154
391,144
392,149
393,149
394,146
395,155
396,159
397,149
398,152
399,158
400,149
401,149
402,155
403,155
404,148
405,149
406,150
407,150
408,162
409,155
410,150
411,156
412,150
413,151
414,151
415,151
416,145
417,153
418,156
419,149
420,143
421,151
422,156
423,148
424,153
425,150
426,145
427,156
428,160
429,155
430,151
431,151
432,154
433,146
434,158
435,160
436,152
437,153
438,147
439,150
440,156
441,151
442,151
443,145
444,153
445,149
446,151
447,171
448,152
449,153
450,154
451,154
452,146
453,154
454,155
455,152
456,153
457,154
458,152
459,160
460,159
461,151
462,162
463,147
464,152
465,152
466,164
467,155
468,149
469,147
470,176
471,152
472,155
473,160
474,148
475,152
476,165
477,156
478,158
479,155
480,153
481,153
482,149
483,158
484,153
485,160
486,173
487,157
488,159
489,151
490,160
491,155
492,151
493,156
494,152
495,154
496,150
497,166
498,181
499,159
500,158
501,155
502,155
503,159
504,161
505,156
506,149
507,153
508,152
509,154
510,158
511,153
512,151
513,160
514,151
515,168
516,159
517,180
518,155
519,150
520,159
521,155
522,159
523,162
524,157
525,153
526,176
527,169
528,155
529,161
530,158
531,150
532,163
533,150
534,156
535,151
536,167
537,158
538,152
539,161
540,157
541,155
542,163
543,157
544,151
545,173
546,157
547,150
548,159
549,170
550,166
551,156
552,163
553,160
554,165
555,160
556,163
557,155
558,163
559,157
560,158
561,166
562,156
563,160
564,158
565,157
566,163
567,164
568,158
569,155
570,162
571,158
572,165
573,172
574,162
575,163
576,161
577,154
578,162
579,169
580,169
581,164
582,165
583,186
584,165
585,165
586,169
587,159
588,175
589,168
590,163
591,158
592,166
593,160
594,164
595,161
596,160
597,168
598,160
599,158
600,159
601,158
602,165
603,166
604,160
605,165
606,169
607,163
608,157
609,172
610,158
611,162
612,181
613,155
614,164
615,169
616,162
617,174
618,173
619,159
620,158
621,168
622,169
623,165
624,167
625,161
626,163
627,164
628,164
629,166
630,165
631,161
632,161
633,165
634,164
635,165
636,168
637,165
638,167
639,164
640,168
641,165
642,161
643,159
644,175
645,167
646,166
647,166
648,166
649,163
650,160
651,176
652,184
653,161
654,169
655,162
656,166
657,178
658,171
659,164
660,166
661,167
662,166
663,165
664,168
665,166
666,162
667,169
668,164
669,172
670,166
671,166
672,167
673,167
674,171
675,163
676,164
677,168
678,171
679,173
680,168
681,181
682,173
683,164
684,165
685,158
686,169
687,168
688,171
689,167
690,162
691,162
692,163
693,184
694,163
695,167
696,168
697,181
698,182
699,166
700,178
701,169
702,175
703,162
704,165
705,168
706,177
707,170
708,175
709,166
710,186
711,173
712,171
713,165
714,169
715,173
716,176
717,164
718,168
719,170
720,164
721,170
722,203
723,176
724,176
725,182
726,167
727,172
728,167
729,164
730,170
731,165
732,169
733,170
734,171
735,165
736,165
737,169
738,168
739,179
740,170
741,184
742,172
743,168
744,179
745,175
746,169
747,165
748,164
749,175
750,168
751,176
752,181
753,175
754,169
755,171
756,178
757,172
758,170
759,171
760,182
761,174
762,170
763,169
764,174
765,169
766,175
767,166
768,175
769,172
770,168
771,174
772,175
773,180
774,173
775,178
776,181
777,182
778,171
779,184
780,173
781,178
782,170
783,176
784,178
785,178
786,178
787,179
788,169
789,176
790,176
791,177
792,174
793,172
794,176
795,183
796,197
797,170
798,188
799,172
800,178
801,176
802,166
803,169
804,176
805,175
806,182
807,169
808,174
809,173
810,170
811,175
812,174
813,185
814,183
815,170
816,173
817,178
818,174
819,176
820,170
821,178
822,179
823,176
824,175
825,186
826,174
827,180
828,172
829,178
830,182
831,187
832,180
833,171
834,182
835,179
836,181
837,177
838,182
839,167
840,175
841,179
842,187
843,169
844,171
845,179
846,173
847,180
848,172
849,171
850,175
851,184
852,185
853,178
854,178
855,175
856,177
857,180
858,182
859,173
860,180
861,181
862,173
863,183
864,179
865,179
866,173
867,174
868,176
869,180
870,182
871,178
872,186
873,174
874,185
875,183
876,188
877,191
878,175
879,174
880,187
881,184
882,178
883,178
884,172
885,185
886,223
887,176
888,180
889,178
890,178
891,180
892,185
893,176
894,179
895,178
896,179
897,174
898,179
899,177
900,184
901,179
902,185
903,179
904,184
905,182
906,183
907,181
908,179
909,180
910,189
911,178
912,203
913,184
914,181
915,177
916,177
917,181
918,185
919,188
920,177
921,178
922,190
923,186
924,177
925,180
926,174
927,183
928,178
929,182
930,178
931,184
932,177
933,179
934,187
935,175
936,179
937,179
938,178
939,183
940,192
941,188
942,188
943,181
944,177
945,183
946,180
947,184
948,181
949,188
950,182
951,187
952,183
953,185
954,186
955,189
956,198
957,183
958,180
959,178
960,184
961,197
962,186
963,186
964,186
965,197
966,190
967,182
968,177
969,188
970,178
971,186
972,199
973,181
974,183
975,184
976,180
977,190
978,178
979,182
980,182
981,187
982,184
983,192
984,183
985,182
986,187
987,199
988,201
989,186
990,181
991,181
992,187
993,186
994,182
995,180
996,183
997,184
998,182
999,189
1000,184
1001,181
1002,189
1003,189
1004,210
1005,189
1006,188
1007,185
1008,181
1009,187
1010,184
1011,189
1012,187
1013,188
1014,188
1015,188
1016,186
1017,187
1018,191
1019,190
1020,192
1021,190
1022,184
1023,183
1024,183
1025,194
1026,189
1027,189
1028,200
1029,188
1030,187
1031,186
1032,195
1033,189
1034,188
1035,189
1036,202
1037,190
1038,194
1039,185
1040,187
1041,193
1042,186
1043,186
1044,190
1045,189
1046,207
1047,195
1048,191
1049,193
1050,189
1051,269
1052,245
1053,206
1054,195
1055,229
1056,234
1057,191
1058,188
1059,194
1060,216
1061,213
1062,1012
1063,201
1064,198
1065,197
1066,210
1067,193
1068,190
1069,190
1070,199
1071,201
1072,199
1073,197
1074,201
1075,198
1076,209
1077,190
1078,201
1079,199
1080,197
1081,200
1082,195
1083,193
1084,201
1085,193
1086,214
1087,192
1088,191
1089,193
1090,193
1091,211
1092,192
1093,194
1094,187
1095,191
1096,190
1097,194
1098,199
1099,206
1100,193
1101,193
1102,190
1103,214
1104,214
1105,209
1106,220
1107,192
1108,196
1109,197
1110,1396
1111,206
1112,211
1113,216
1114,203
1115,209
1116,220
1117,208
1118,206
1119,217
1120,236
1121,209
1122,189
1123,215
1124,210
1125,218
1126,208
1127,205
1128,227
1129,212
1130,211
1131,203
1132,233
1133,1512
1134,233
1135,203
1136,199
1137,224
1138,225
1139,195
1140,228
1141,231
1142,244
1143,267
1144,235
1145,220
1146,246
1147,228
1148,242
1149,227
1150,223
1151,244
1152,233
1153,263
1154,224
1155,1458
1156,200
1157,199
1158,214
1159,225
1160,218
1161,198
1162,205
1163,211
1164,231
1165,211
1166,221
1167,216
1168,210
1169,279
1170,225
1171,199
1172,236
1173,227
1174,218
1175,203
1176,199
1177,192
1178,223
1179,1826
1180,223
1181,203
1182,205
1183,204
1184,213
1185,195
1186,207
1187,199
1188,208
1189,217
1190,203
1191,201
1192,208
1193,213
1194,224
1195,203
1196,200
1197,194
1198,252
1199,223
1200,207
1201,210
1202,196
1203,219
1204,1487
1205,204
1206,197
1207,202
1208,198
1209,203
1210,194
1211,213
1212,200
1213,204
1214,204
1215,199
1216,199
1217,206
1218,195
1219,224
1220,224
1221,205
1222,199
1223,209
1224,221
1225,192
1226,196
1227,205
1228,211
1229,224
1230,220
1231,202
1232,208
1233,200
1234,202
1235,215
1236,204
1237,208
1238,227
1239,209
1240,200
1241,214
1242,221
1243,220
1244,212
1245,208
1246,207
1247,214
1248,208
1249,203
1250,207
